1,天海春香,haruka
2,如月千早,chihaya
3,星井美希,miki
4,萩原雪歩,yukiho
5,高槻やよい,yayoi
6,菊地真,makoto
7,水瀬伊織,iori
8,四条貴音,takane
9,秋月律子,ritsuko
10,三浦あずさ,azusa
11,双海亜美,ami
12,双海真美,mami
13,我那覇響,hibiki
14,春日未来,mirai
15,最上静香,shizuka
16,伊吹翼,tsubasa
17,田中琴葉,kotoha
18,島原エレナ,elena
19,佐竹美奈子,minako
20,所恵美,megumi
21,徳川まつり,matsuri
22,箱崎星梨花,serika
23,野々原茜,akane
24,望月杏奈,anna
25,ロコ,roco
26,七尾百合子,yuriko
27,高山紗代子,sayoko
28,松田亜利沙,arisa
29,高坂海美,umi
30,中谷育,iku
31,天空橋朋花,tomoka
32,エミリー,emily
33,北沢志保,shiho
34,舞浜歩,ayumu
35,木下ひなた,hinata
36,矢吹可奈,kana
37,横山奈緒,nao
38,二階堂千鶴,chizuru
39,馬場このみ,konomi
40,大神環,tamaki
41,豊川風花,fuka
42,宮尾美也,miya
43,福田のり子,noriko
44,真壁瑞希,mizuki
45,篠宮可憐,karen
46,百瀬莉緒,rio
47,永吉昴,subaru
48,北上麗花,reika
49,周防桃子,momoko
50,ジュリア,julia
51,白石紬,tsumugi
52,桜守歌織,kaori